article_id,article_title,article_date,label,format,url
4,Dalil Tawjihnet 2 Bac et Baccalauréat 2026,,dalil tawjihnet Bac 2026,Google Drive,https://drive.google.com/file/d/1jgIK_rIlNd0F2KBWtc6SY2fCPVz2LX-j/view?usp=drive_link
9,Résultats Définitifs ISPITS 2025 2026,,Agadir,PDF,https://ispits.sante.gov.ma/Documents/Concoursdacces-licence-septembre2025/orale/RF/AGADIR%20TA.pdf
9,Résultats Définitifs ISPITS 2025 2026,,ALHOCEIMA,PDF,https://ispits.sante.gov.ma/Documents/Concoursdacces-licence-septembre2025/orale/RF/ALHOCEIMA TA.pdf
9,Résultats Définitifs ISPITS 2025 2026,,ERRACHIDIA,PDF,https://ispits.sante.gov.ma/Documents/Concoursdacces-licence-septembre2025/orale/RF/ERRACHIDIA%20TA.pdf
9,Résultats Définitifs ISPITS 2025 2026,,​ ESSAOUIRA,PDF,https://ispits.sante.gov.ma/Documents/Concoursdacces-licence-septembre2025/orale/RF/ESSAOUIRA%20TA.pdf
9,Résultats Définitifs ISPITS 2025 2026,,KHENIFRA,PDF,https://ispits.sante.gov.ma/Documents/Concoursdacces-licence-septembre2025/orale/RF/KHENIFRA%20TA.pdf
9,Résultats Définitifs ISPITS 2025 2026,,LAAYOUNE,PDF,https://ispits.sante.gov.ma/Documents/Concoursdacces-licence-septembre2025/orale/RF/LAAYOUNE%20TA.pdf
9,Résultats Définitifs ISPITS 2025 2026,,OUJDA,PDF,https://ispits.sante.gov.ma/Documents/Concoursdacces-licence-septembre2025/orale/RF/OUJDA%20TA.pdf
9,Résultats Définitifs ISPITS 2025 2026,,RABAT,PDF,https://ispits.sante.gov.ma/Documents/Concoursdacces-licence-septembre2025/orale/RF/RABAT%20TA.pdf
9,Résultats Définitifs ISPITS 2025 2026,,TAZA,PDF,https://ispits.sante.gov.ma/Documents/Concoursdacces-licence-septembre2025/orale/RF/TAZA%20TA.pdf
9,Résultats Définitifs ISPITS 2025 2026,,TETOUAN,PDF,https://ispits.sante.gov.ma/Documents/Concoursdacces-licence-septembre2025/orale/RF/TETOUAN%20TA.pdf
9,Résultats Définitifs ISPITS 2025 2026,,B ENI MELLAL,PDF,https://ispits.sante.gov.ma/Documents/Concoursdacces-licence-septembre2025/orale/RF/BENIMELLAL%20TA.pdf
9,Résultats Définitifs ISPITS 2025 2026,,CASABLANCA,PDF,https://ispits.sante.gov.ma/Documents/Concoursdacces-licence-septembre2025/orale/RF/CASABLANCA%20TA.pdf
9,Résultats Définitifs ISPITS 2025 2026,,​FES,PDF,https://ispits.sante.gov.ma/Documents/Concoursdacces-licence-septembre2025/orale/RF/FES%20TA.pdf
9,Résultats Définitifs ISPITS 2025 2026,,GUELMIM,PDF,https://ispits.sante.gov.ma/Documents/Concoursdacces-licence-septembre2025/orale/RF/GUELMIM%20TA.pdf
9,Résultats Définitifs ISPITS 2025 2026,,MARRAKECH,PDF,https://ispits.sante.gov.ma/Documents/Concoursdacces-licence-septembre2025/orale/RF/MARRAKECH%20TA.pdf
9,Résultats Définitifs ISPITS 2025 2026,,MEKNES,PDF,https://ispits.sante.gov.ma/Documents/Concoursdacces-licence-septembre2025/orale/RF/MEKNES%20TA.pdf
9,Résultats Définitifs ISPITS 2025 2026,,SAFI,PDF,https://ispits.sante.gov.ma/Documents/Concoursdacces-licence-septembre2025/orale/RF/SAFI%20TA.pdf
9,Résultats Définitifs ISPITS 2025 2026,,SETTAT,PDF,https://ispits.sante.gov.ma/Documents/Concoursdacces-licence-septembre2025/orale/RF/SETTAT%20TA.pdf
9,Résultats Définitifs ISPITS 2025 2026,,TIZNIT,PDF,https://ispits.sante.gov.ma/Documents/Concoursdacces-licence-septembre2025/orale/RF/TIZNIT%20TA.pdf
9,Résultats Définitifs ISPITS 2025 2026,,OUARZAZATE,PDF,https://ispits.sante.gov.ma/Documents/Concoursdacces-licence-septembre2025/orale/RF/OUARZAZATE%20TA.pdf
9,Résultats Définitifs ISPITS 2025 2026,,DAKHLA,PDF,https://ispits.sante.gov.ma/Documents/Concoursdacces-licence-septembre2025/orale/RF/DAKHLA%20TA.pdf
9,Résultats Définitifs ISPITS 2025 2026,,NADOR,PDF,https://ispits.sante.gov.ma/Documents/Concoursdacces-licence-septembre2025/orale/RF/NADOR%20TA.pdf
9,Résultats Définitifs ISPITS 2025 2026,,KENITRA,PDF,https://ispits.sante.gov.ma/Documents/Concoursdacces-licence-septembre2025/orale/RF/KENITRA%20TA.pdf
9,Résultats Définitifs ISPITS 2025 2026,,TANGER,PDF,https://ispits.sante.gov.ma/Documents/Concoursdacces-licence-septembre2025/orale/RF/TANGER%20TA.pdf
9,Résultats Définitifs ISPITS 2025 2026,,​ ZAG​ORA,PDF,https://ispits.sante.gov.ma/Documents/Concoursdacces-licence-septembre2025/orale/RF/ZAGORA%20TA.pdf
11,Résultats Définitifs ISTP Travaux Publics 2025 2026,,Liste Admis,Google Drive,https://drive.google.com/file/d/1m689u03QYK5sC49Hobq7GvxEe8OtyLva/view?usp=drive_link
11,Résultats Définitifs ISTP Travaux Publics 2025 2026,,Liste d’attente,Google Drive,https://drive.google.com/file/d/1BW7nBY42Rmp7P0vgDqKrNDhmhKo1xXLB/view?usp=drive_link
11,Résultats Définitifs ISTP Travaux Publics 2025 2026,,Liste Admis,Google Drive,https://drive.google.com/file/d/1mmN3fssSLpCbsDNzLDNW_qv5XbQjHtiA/view?usp=drive_link
11,Résultats Définitifs ISTP Travaux Publics 2025 2026,,Liste d’attente,Google Drive,https://drive.google.com/file/d/1mMQIA7GPvzLtDeFeiWvvYuLMW3Kjo4DS/view?usp=drive_link
11,Résultats Définitifs ISTP Travaux Publics 2025 2026,,Liste Admis,Google Drive,https://drive.google.com/file/d/1DWM5i-LZI9lh7zfmqb1nw6JFAAqJUqiY/view?usp=drive_link
11,Résultats Définitifs ISTP Travaux Publics 2025 2026,,Liste d’attente,Google Drive,https://drive.google.com/file/d/1dVGtWbSh6vddzBarKzth6_gIVA6CQpuq/view?usp=drive_link
11,Résultats Définitifs ISTP Travaux Publics 2025 2026,,Liste Admis,Google Drive,https://drive.google.com/file/d/1XLqfk4TdWlZY_n37hmRwiNHR_pRFXxpA/view?usp=drive_link
11,Résultats Définitifs ISTP Travaux Publics 2025 2026,,Liste d’attente,Google Drive,https://drive.google.com/file/d/1CuO_j9Sbkr9N7czTrSfWzwIcPJqTvcvX/view?usp=drive_link
11,Résultats Définitifs ISTP Travaux Publics 2025 2026,,Liste Admis,Google Drive,https://drive.google.com/file/d/1ZoqAxseoKPOPl_uJrsgH5kFRJYdNsshb/view?usp=drive_link
11,Résultats Définitifs ISTP Travaux Publics 2025 2026,,Liste d’attente,Google Drive,https://drive.google.com/file/d/1lQy3EM39hoBBA9oRCtFvZcC_at09Kbmn/view?usp=drive_link
14,Résultats et inscription Définitive EST Maroc 2025 2026,,Lien Formulaire MDEU,Google Docs,https://docs.google.com/forms/d/e/1FAIpQLScBK00JOSbW791MiE_cNPwCEFRELZcE3ckUO06GN5iw1xn2yg/viewform?usp=dialog
14,Résultats et inscription Définitive EST Maroc 2025 2026,,Liste-dattente-MDEU-VF.pdf,Google Drive,https://drive.google.com/file/d/14MjqvubiiZEjJF7t11aaw3Ub94NyAMct/view?usp=drive_link
14,Résultats et inscription Définitive EST Maroc 2025 2026,,Lien Formulaire ID,Google Docs,https://docs.google.com/forms/d/e/1FAIpQLScKxip6ajsScrlrqnespldFSVP8OSQNWqcG0ivOld0poP3Asg/viewform?usp=dialog
14,Résultats et inscription Définitive EST Maroc 2025 2026,,Liste-dattente4-ID-VF.pdf,Google Drive,https://drive.google.com/file/d/14gRgTMS4G-uaAIFVQLwMmgxWYarADyS-/view?usp=drive_link
14,Résultats et inscription Définitive EST Maroc 2025 2026,,Lien Formulaire ID,Google Docs,https://docs.google.com/forms/d/e/1FAIpQLScKxip6ajsScrlrqnespldFSVP8OSQNWqcG0ivOld0poP3Asg/viewform
14,Résultats et inscription Définitive EST Maroc 2025 2026,,Liste-dattente3-ID-VF.pdf,Google Drive,https://drive.google.com/file/d/141yKLZHIgADUHohN19ObPw2OR_CNE5Ig/view?usp=drive_link
14,Résultats et inscription Définitive EST Maroc 2025 2026,,Liste DUT EST Ouarzazate,Google Drive,https://drive.google.com/file/d/1Whr01azKQVbNAn7vMCmFUonSWwiQu4uq/view?usp=drive_link
14,Résultats et inscription Définitive EST Maroc 2025 2026,,GP Génie des Procèdes Appel 4,PDF,https://www.est-uh2c.ac.ma/media/documents/Liste_Appel_4_GP.pdf
14,Résultats et inscription Définitive EST Maroc 2025 2026,,MDO Management Digital des Organisations Appel 4,PDF,https://www.est-uh2c.ac.ma/media/documents/Liste_Appel_4_MDO.pdf
14,Résultats et inscription Définitive EST Maroc 2025 2026,,BFA Banque Finance Assurance Appel 4,PDF,https://www.est-uh2c.ac.ma/media/documents/Liste_Appel_4_BFA.pdf
14,Résultats et inscription Définitive EST Maroc 2025 2026,,GE Génie Electrique Appel 4,PDF,https://www.est-uh2c.ac.ma/media/documents/Liste_Appel_4_GE.pdf
14,Résultats et inscription Définitive EST Maroc 2025 2026,,EBM E-Business et Management Appel 4,PDF,https://www.est-uh2c.ac.ma/media/documents/Liste_Appel_4_EBM.pdf
14,Résultats et inscription Définitive EST Maroc 2025 2026,,>> le formulaire de préinscription,Google Docs,https://docs.google.com/forms/d/1qsbS8qk8lTV_pp8uXnpBbsg5cYALhsrUfYz5iDEZ-Og/edit
14,Résultats et inscription Définitive EST Maroc 2025 2026,,Cliquer ici,PDF,https://www.est-uh2c.ac.ma/media/documents/liste_dattente_N2_GE_25-26.pdf
14,Résultats et inscription Définitive EST Maroc 2025 2026,,Cliquer ici,PDF,https://www.est-uh2c.ac.ma/media/documents/liste_dattente_N2_GP_25-26.pdf
14,Résultats et inscription Définitive EST Maroc 2025 2026,,Cliquer ici,PDF,https://www.est-uh2c.ac.ma/media/documents/liste_dattente_N2_BFA_25-26.pdf
14,Résultats et inscription Définitive EST Maroc 2025 2026,,Cliquer ici,PDF,https://www.est-uh2c.ac.ma/media/documents/liste_dattente_N2_MDO_25-26.pdf
14,Résultats et inscription Définitive EST Maroc 2025 2026,,Cliquer ici,PDF,https://www.est-uh2c.ac.ma/media/documents/liste_dattente_N2_EBM_25-26.pdf
14,Résultats et inscription Définitive EST Maroc 2025 2026,,GP Génie des Procèdes appel 3,PDF,https://www.est-uh2c.ac.ma/media/documents/GP_appel_3.pdf
14,Résultats et inscription Définitive EST Maroc 2025 2026,,MDO Management Digital des Organisations appel 3,PDF,https://www.est-uh2c.ac.ma/media/documents/MDO_appel_3.pdf
14,Résultats et inscription Définitive EST Maroc 2025 2026,,BFA Banque Finance Assurance appel 3,PDF,https://www.est-uh2c.ac.ma/media/documents/BFA_appel_3.pdf
14,Résultats et inscription Définitive EST Maroc 2025 2026,,GE Génie Electrique appel 3,PDF,https://www.est-uh2c.ac.ma/media/documents/GE_appel_3.pdf
14,Résultats et inscription Définitive EST Maroc 2025 2026,,EBM E-Business et Management appel 3,PDF,https://www.est-uh2c.ac.ma/media/documents/EBM_appel_3.pdf
14,Résultats et inscription Définitive EST Maroc 2025 2026,,Listes,PDF,https://www.est-uh2c.ac.ma/media/documents/Affichage_Liste_des_convoques_pour_l_Appel_2_wEKaLoM.pdf
14,Résultats et inscription Définitive EST Maroc 2025 2026,,Génie Electrique,PDF,https://www.est-uh2c.ac.ma/media/documents/liste_admis_attente_GE.pdf
14,Résultats et inscription Définitive EST Maroc 2025 2026,,Génie Mécanique et Productique,PDF,https://www.est-uh2c.ac.ma/media/documents/liste_admis_attente_GM_1.pdf
14,Résultats et inscription Définitive EST Maroc 2025 2026,,Génie Informatique,PDF,https://www.est-uh2c.ac.ma/media/documents/liste_admis_attente_GI.pdf
14,Résultats et inscription Définitive EST Maroc 2025 2026,,Génie des Procédés,PDF,https://www.est-uh2c.ac.ma/media/documents/liste_admis_attente_GP.pdf
14,Résultats et inscription Définitive EST Maroc 2025 2026,,Banque Finance Assurance,PDF,https://www.est-uh2c.ac.ma/media/documents/liste_admis_attente_BFA.pdf
14,Résultats et inscription Définitive EST Maroc 2025 2026,,Management Digital des Organisations,PDF,https://www.est-uh2c.ac.ma/media/documents/liste_admis_attente_MDO.pdf
14,Résultats et inscription Définitive EST Maroc 2025 2026,,E-Business et Management,PDF,https://www.est-uh2c.ac.ma/media/documents/liste_admis_attente_EBM.pdf
14,Résultats et inscription Définitive EST Maroc 2025 2026,,Gestion Financière et Comptable,PDF,https://www.est-uh2c.ac.ma/media/documents/liste_admis_attente_GFC.pdf
14,Résultats et inscription Définitive EST Maroc 2025 2026,,le lien Confirmation suivant,Google Docs,https://docs.google.com/forms/d/e/1FAIpQLSdKnUAZ-8rCz31YgdFpAcMKvwC5G5lBkoPlEArDM_9IMmWliw/viewform
14,Résultats et inscription Définitive EST Maroc 2025 2026,,Cliquez ici,PDF,https://www.est-uh2c.ac.ma/media/documents/Affichage_Liste_dattente_G%C3%A9nie_Electrique.pdf
14,Résultats et inscription Définitive EST Maroc 2025 2026,,Cliquez ici,PDF,https://www.est-uh2c.ac.ma/media/documents/Affichage_Liste_dattente_G%C3%A9nie_M%C3%A9canique_25-26.pdf
14,Résultats et inscription Définitive EST Maroc 2025 2026,,Cliquez ici,PDF,https://www.est-uh2c.ac.ma/media/documents/Affichage_Liste_dattente_G%C3%A9nie_Informatique_25-26.pdf
14,Résultats et inscription Définitive EST Maroc 2025 2026,,Cliquez ici,PDF,https://www.est-uh2c.ac.ma/media/documents/Affichage_Liste_dattente_G%C3%A9nie_des_Proc%C3%A9d%C3%A9s_25-26.pdf
14,Résultats et inscription Définitive EST Maroc 2025 2026,,Cliquez ici,PDF,https://www.est-uh2c.ac.ma/media/documents/Affichage_Liste_dattente_BFA_25-26.pdf
14,Résultats et inscription Définitive EST Maroc 2025 2026,,Cliquez ici,PDF,https://www.est-uh2c.ac.ma/media/documents/Affichage_Liste_dattente_MDO_25-26.pdf
14,Résultats et inscription Définitive EST Maroc 2025 2026,,Cliquez ici,PDF,https://www.est-uh2c.ac.ma/media/documents/Affichage_Liste_dattente_EBM_25-26.pdf
14,Résultats et inscription Définitive EST Maroc 2025 2026,,Cliquez ici,PDF,https://www.est-uh2c.ac.ma/media/documents/Affichage_Liste_dattente_GFC_25-26.pdf
14,Résultats et inscription Définitive EST Maroc 2025 2026,,AVIS,PDF,https://www.est.umi.ac.ma/doc/AVISLLA.pdf
14,Résultats et inscription Définitive EST Maroc 2025 2026,,LISTE,PDF,https://www.est.umi.ac.ma/doc/LLA.pdf
14,Résultats et inscription Définitive EST Maroc 2025 2026,,Avis de confirmation,PDF,https://www.est.umi.ac.ma/doc/ac2025.pdf
14,Résultats et inscription Définitive EST Maroc 2025 2026,,Listes d’attentes,PDF,https://www.est.umi.ac.ma/doc/la2025.pdf
14,Résultats et inscription Définitive EST Maroc 2025 2026,,"Fiche de confirmation (à remplir, télécharger et imprimer)",PDF,https://www.est.umi.ac.ma/doc/fcc2025.pdf
14,Résultats et inscription Définitive EST Maroc 2025 2026,,Construction Durable et Efficacité Energétique,PDF,https://www.est.um5.ac.ma/wp-content/uploads/2025/10/CDEE.pdf
14,Résultats et inscription Définitive EST Maroc 2025 2026,,Génie Bio-Industriel,PDF,https://www.est.um5.ac.ma/wp-content/uploads/2025/10/GBI.pdf
14,Résultats et inscription Définitive EST Maroc 2025 2026,,Génie Civil,PDF,https://www.est.um5.ac.ma/wp-content/uploads/2025/10/GC.pdf
14,Résultats et inscription Définitive EST Maroc 2025 2026,,Génie de l’Eau et de l’Environnement,PDF,https://www.est.um5.ac.ma/wp-content/uploads/2025/10/GEE.pdf
14,Résultats et inscription Définitive EST Maroc 2025 2026,,Génie Electrique et Informatique Industrielle,PDF,https://www.est.um5.ac.ma/wp-content/uploads/2025/10/GEII.pdf
14,Résultats et inscription Définitive EST Maroc 2025 2026,,Génie Industriel,PDF,https://www.est.um5.ac.ma/wp-content/uploads/2025/10/GInd.pdf
14,Résultats et inscription Définitive EST Maroc 2025 2026,,Management et Evènementiel Durables du Sport,PDF,https://www.est.um5.ac.ma/wp-content/uploads/2025/10/MEDS.pdf
14,Résultats et inscription Définitive EST Maroc 2025 2026,,Marketing Digital et Commercial,PDF,https://www.est.um5.ac.ma/wp-content/uploads/2025/10/MDC.pdf
14,Résultats et inscription Définitive EST Maroc 2025 2026,,Systèmes Embarqués Industriels,PDF,https://www.est.um5.ac.ma/wp-content/uploads/2025/10/SEI.pdf
14,Résultats et inscription Définitive EST Maroc 2025 2026,,Systèmes Informatiques et Décisionnels,PDF,https://www.est.um5.ac.ma/wp-content/uploads/2025/10/SID.pdf
14,Résultats et inscription Définitive EST Maroc 2025 2026,,Systèmes Informatiques et Réseaux,PDF,https://www.est.um5.ac.ma/wp-content/uploads/2025/10/SIR.pdf
14,Résultats et inscription Définitive EST Maroc 2025 2026,,Construction Durable et Efficacité Energétique,PDF,https://www.est.um5.ac.ma/wp-content/uploads/2025/09/CDEE.pdf
14,Résultats et inscription Définitive EST Maroc 2025 2026,,Génie Bio-Industriel,PDF,https://www.est.um5.ac.ma/wp-content/uploads/2025/09/GBI.pdf
14,Résultats et inscription Définitive EST Maroc 2025 2026,,Génie Civil,PDF,https://www.est.um5.ac.ma/wp-content/uploads/2025/09/GC.pdf
14,Résultats et inscription Définitive EST Maroc 2025 2026,,Génie de l’Eau et de l’Environnement,PDF,https://www.est.um5.ac.ma/wp-content/uploads/2025/09/GEE.pdf
14,Résultats et inscription Définitive EST Maroc 2025 2026,,Génie Electrique et Informatique Industrielle,PDF,https://www.est.um5.ac.ma/wp-content/uploads/2025/09/GEII.pdf
14,Résultats et inscription Définitive EST Maroc 2025 2026,,Génie Industriel,PDF,https://www.est.um5.ac.ma/wp-content/uploads/2025/09/GInd.pdf
14,Résultats et inscription Définitive EST Maroc 2025 2026,,Génie Informatique,PDF,https://www.est.um5.ac.ma/wp-content/uploads/2025/09/GI.pdf
14,Résultats et inscription Définitive EST Maroc 2025 2026,,Management et Evènementiel Durables du Sport,PDF,https://www.est.um5.ac.ma/wp-content/uploads/2025/09/MEDS.pdf
14,Résultats et inscription Définitive EST Maroc 2025 2026,,Systèmes Embarqués Industriels,PDF,https://www.est.um5.ac.ma/wp-content/uploads/2025/09/SEI.pdf
14,Résultats et inscription Définitive EST Maroc 2025 2026,,Cliquez ici,Google Docs,https://docs.google.com/spreadsheets/d/10PdTEwRxwLzDeqpYq-G0CZoau554bmkOwnz8TNQsVHU/edit?usp=sharing
14,Résultats et inscription Définitive EST Maroc 2025 2026,,Cliquez ici,Google Docs,https://docs.google.com/spreadsheets/d/1XjRae0SEyGlP6VXf1Y_nLjJdmc89oXIBOEjD-cc1eAw/edit?usp=sharing
14,Résultats et inscription Définitive EST Maroc 2025 2026,,Cliquez ici,Google Docs,https://docs.google.com/spreadsheets/d/1kOybDrrwn-G3A5g-7v6vY3kLLgbXgqYVINzXsDFPP08/edit?usp=sharing
14,Résultats et inscription Définitive EST Maroc 2025 2026,,Cliquez ici,Google Docs,https://docs.google.com/spreadsheets/d/12cRaU3YRCIS_z0rDRoRPKAi16gXHR1Qau-sreT_QT64/edit?usp=sharing
14,Résultats et inscription Définitive EST Maroc 2025 2026,,Cliquez ici,Google Docs,https://docs.google.com/spreadsheets/d/1NaICMvd4Txb5LOvxvCnHtJwKIBVmrWbyUBF4XRMAHSo/edit?usp=sharing
14,Résultats et inscription Définitive EST Maroc 2025 2026,,Cliquez ici,Google Docs,https://docs.google.com/spreadsheets/d/1AUbIbfeDgJ991vePxUnAYyd3dgsu5SfUGexa7KNjPWM/edit?usp=sharing
14,Résultats et inscription Définitive EST Maroc 2025 2026,,Cliquez ici,Google Docs,https://docs.google.com/spreadsheets/d/1aekwUvhRGDcQHxZ8hIZ-C9_4Vdlrvge7k7MwhJrVkFU/edit?usp=sharing
14,Résultats et inscription Définitive EST Maroc 2025 2026,,Cliquez ici,Google Docs,https://docs.google.com/spreadsheets/d/1t-JXil2Oe9SahDdTQptTNKBpeC2AwzrQX_zKUbFxIMU/edit?usp=sharing
14,Résultats et inscription Définitive EST Maroc 2025 2026,,Cliquez ici,Google Docs,https://docs.google.com/spreadsheets/d/1x-t3zfmjPUVZ_v9wkn_ILeG93z6Ld9fLlCUBnCgUkts/edit?usp=sharing
14,Résultats et inscription Définitive EST Maroc 2025 2026,,Cliquez ici,Google Docs,https://docs.google.com/spreadsheets/d/1NJCXx499Gw9BfCbumCpFyICnZDnXtkwVyQHRKn5OAQM/edit?usp=sharing
14,Résultats et inscription Définitive EST Maroc 2025 2026,,Cliquez ici,Google Docs,https://docs.google.com/spreadsheets/d/1Vi5xLsMZy1SksBIVMuye4qYDTkqHjTSD2b3MXwbYgaE/edit?usp=sharing
14,Résultats et inscription Définitive EST Maroc 2025 2026,,Cliquez ici,Google Docs,https://docs.google.com/spreadsheets/d/1EHpLjVa8NUIA9RQ7SpS9aWdILTkAOdo1vBX5AXvA6xo/edit?usp=sharing
14,Résultats et inscription Définitive EST Maroc 2025 2026,,Cliquez,Google Docs,https://docs.google.com/spreadsheets/d/1hK_6RJilwgJN4DY-zEbhyYSdsoK2lwPDoQjSOAWpsD4/edit?usp=drive_link
14,Résultats et inscription Définitive EST Maroc 2025 2026,,Cliquez ici,Google Docs,https://docs.google.com/spreadsheets/d/1Oi2-C8bOQ_Y4JDVeUseOkjUYcKpk1QdWBY7DNAkIjuM/edit?usp=drive_link
14,Résultats et inscription Définitive EST Maroc 2025 2026,,Cliquez ici,Google Docs,https://docs.google.com/spreadsheets/d/1UURX3aqhVJnA8yAQEV7CC_-5xUlVFgiwYnoqRzOR-Ok/edit?usp=drive_link
14,Résultats et inscription Définitive EST Maroc 2025 2026,,Cliquez ici,Google Docs,https://docs.google.com/spreadsheets/d/1PUEcHRqZkL7VfUNqYKgMWd5xIrPAmVL8LRm4MQIoVyk/edit?usp=drive_link
14,Résultats et inscription Définitive EST Maroc 2025 2026,,Cliquez ici,Google Docs,https://docs.google.com/spreadsheets/d/1H4zdQ55NmzVHKehZ9YOlltSYuc7QA9UKdmAT6WKQ2LY/edit?usp=drive_link
14,Résultats et inscription Définitive EST Maroc 2025 2026,,Cliquez ici,Google Docs,https://docs.google.com/spreadsheets/d/1GsAUDZ5xvhCd6r938IQ7gvNs5JKtlZiRvK7p7nS57ns/edit?usp=drive_link
14,Résultats et inscription Définitive EST Maroc 2025 2026,,Cliquez ici,Google Docs,https://docs.google.com/spreadsheets/d/1P3Es6Wz2fGIma5NKmas5dtCgqu42Tku8WbWfv9grrSI/edit?usp=drive_link
14,Résultats et inscription Définitive EST Maroc 2025 2026,,Cliquez ici,Google Docs,https://docs.google.com/spreadsheets/d/1y30dx8RnmBkL3izgGX76fuLmcpDrpBXfhENPaRHFCgw/edit?usp=drive_link
14,Résultats et inscription Définitive EST Maroc 2025 2026,,Cliquez ici,Google Docs,https://docs.google.com/spreadsheets/d/1buIJBurgyvQkpIVDe9xsJBOMsK7vM24tao47sfo5SkQ/edit?usp=drive_link
14,Résultats et inscription Définitive EST Maroc 2025 2026,,Cliquez ici,Google Docs,https://docs.google.com/spreadsheets/d/1c_ylW_f1-I7qlidWoHDkXgrQzcIw_8Md9eAu9E0HhAM/edit?usp=drive_link
14,Résultats et inscription Définitive EST Maroc 2025 2026,,Cliquez ici,Google Docs,https://docs.google.com/spreadsheets/d/1JYEPpxpq_Z45B6pU8nY4oVlCQ9TTT_2e9oDZlWD0tO4/edit?usp=drive_link
14,Résultats et inscription Définitive EST Maroc 2025 2026,,Liste d’attente N°2 EST Kenitra,Google Drive,https://drive.google.com/file/d/175sFZVPV_IojHeZiQOUH6jRwMtD0Ls1Z/view?usp=drive_link
14,Résultats et inscription Définitive EST Maroc 2025 2026,,(à télécharger ici),PDF,https://est.uit.ac.ma/wp-content/uploads/2025/09/FicheInscription2025-2026-2.pdf
14,Résultats et inscription Définitive EST Maroc 2025 2026,,(à télécharger ici),PDF,https://est.uit.ac.ma/wp-content/uploads/2020/03/R%C3%A8glement-Int%C3%A9rieur-ESTK.pdf
14,Résultats et inscription Définitive EST Maroc 2025 2026,,Génie Électrique et Systèmes Industriels,Google Drive,https://drive.google.com/file/d/1Ezr0Lghs2g1BnkK_sR2qpSEpp7Uj6AxS/view?usp=drive_link
14,Résultats et inscription Définitive EST Maroc 2025 2026,,Génie Logiciel,Google Drive,https://drive.google.com/file/d/1hOMW_rakkfwnKjOJt0qPqRBnYpD3UAjG/view?usp=drive_link
14,Résultats et inscription Définitive EST Maroc 2025 2026,,Informatique Industrielle et Robotique,Google Drive,https://drive.google.com/file/d/1N336ImIeR-AW2MJQhKov6QrC0LJl5tsU/view?usp=drive_link
14,Résultats et inscription Définitive EST Maroc 2025 2026,,Systèmes Embarqués pour l’Automobile,Google Drive,https://drive.google.com/file/d/1GmaK2FMYC9X8xdG8ic_8swqitfEbv1lC/view?usp=drive_link
14,Résultats et inscription Définitive EST Maroc 2025 2026,,Technologie Agro-Alimentaire,Google Drive,https://drive.google.com/file/d/1lz7G8yiNKznW9QneXJJ0NBflc4wqAgQO/view?usp=drive_link
14,Résultats et inscription Définitive EST Maroc 2025 2026,,Intelligence artificielle,Google Drive,https://drive.google.com/file/d/1Xx_R_Ei_hx7hJWZpkmFXOZMCgBTYd2PN/view
14,Résultats et inscription Définitive EST Maroc 2025 2026,,Informatique et développement digital,Google Drive,https://drive.google.com/file/d/1-9M68VJdFOgRC6uto-CtNNnDcX96LwdT/view
14,Résultats et inscription Définitive EST Maroc 2025 2026,,Intelligence artificielle,Google Drive,https://drive.google.com/file/d/1d_rEF3fBnrdlABN38kw97fJpWCEROmHq/view?usp=drive_link
14,Résultats et inscription Définitive EST Maroc 2025 2026,,Industrie Navale : Systèmes Electriques et Maintenance,Google Drive,https://drive.google.com/file/d/1F-uhyPXCO9XQbRhx5qf0MfUn_bjtcqYU/view?usp=drive_link
14,Résultats et inscription Définitive EST Maroc 2025 2026,,Cybersécurité et audit des systèmes d’information,Google Drive,https://drive.google.com/file/d/1YRqpUtvjdhHE5JrAKRzRa1M1nGARQS2G/view?usp=drive_link
14,Résultats et inscription Définitive EST Maroc 2025 2026,,Informatique et développement digital,Google Drive,https://drive.google.com/file/d/1x0DAt6OkaXdGXcv4lYXXCda6SIRhI6YL/view?usp=drive_link
14,Résultats et inscription Définitive EST Maroc 2025 2026,,Techniques de Management,PDF,https://www.estsb.ucd.ac.ma/wp-content/uploads/2025/09/Liste-TM-3.pdf
14,Résultats et inscription Définitive EST Maroc 2025 2026,,Génie Agroenvironnement,PDF,https://www.estsb.ucd.ac.ma/wp-content/uploads/2025/09/Liste-GA-3.pdf
14,Résultats et inscription Définitive EST Maroc 2025 2026,,Les Equipements et les Techniques de Dessalement d’Eau,PDF,https://www.estsb.ucd.ac.ma/wp-content/uploads/2025/09/Liste-DESS-3.pdf
14,Résultats et inscription Définitive EST Maroc 2025 2026,,Génie Informatique,PDF,https://www.estsb.ucd.ac.ma/wp-content/uploads/2025/09/Liste-GI-3.pdf
14,Résultats et inscription Définitive EST Maroc 2025 2026,,Techniques de Management.,PDF,https://www.estsb.ucd.ac.ma/wp-content/uploads/2025/09/Liste-TM-2.pdf
14,Résultats et inscription Définitive EST Maroc 2025 2026,,Génie Informatique.,PDF,https://www.estsb.ucd.ac.ma/wp-content/uploads/2025/09/Liste-GI-2.pdf
14,Résultats et inscription Définitive EST Maroc 2025 2026,,Génie Equin.,PDF,https://www.estsb.ucd.ac.ma/wp-content/uploads/2025/09/Liste-GE-2.docx.pdf
14,Résultats et inscription Définitive EST Maroc 2025 2026,,Génie Agroenvironnement.,PDF,https://www.estsb.ucd.ac.ma/wp-content/uploads/2025/09/Liste-GA-2.pdf
14,Résultats et inscription Définitive EST Maroc 2025 2026,,Les Equipements et les Techniques de Dessalement d’Eau.,PDF,https://www.estsb.ucd.ac.ma/wp-content/uploads/2025/09/Liste-DESS-2.pdf
14,Résultats et inscription Définitive EST Maroc 2025 2026,,Les Equipements Et Les Techniques De Dessalement D’eau (ETDE).,PDF,https://www.estsb.ucd.ac.ma/wp-content/uploads/2025/09/DS-5.pdf
14,Résultats et inscription Définitive EST Maroc 2025 2026,,Genie Equin (GE).,PDF,https://www.estsb.ucd.ac.ma/wp-content/uploads/2025/09/GE.pdf
14,Résultats et inscription Définitive EST Maroc 2025 2026,,Genie Informatique (GI).,PDF,https://www.estsb.ucd.ac.ma/wp-content/uploads/2025/09/GI.pdf
14,Résultats et inscription Définitive EST Maroc 2025 2026,,Techniques De Management (TM).,PDF,https://www.estsb.ucd.ac.ma/wp-content/uploads/2025/09/TM.pdf
14,Résultats et inscription Définitive EST Maroc 2025 2026,,Genie Agroenvironnement (GA).,PDF,https://www.estsb.ucd.ac.ma/wp-content/uploads/2025/09/GA-1.pdf
14,Résultats et inscription Définitive EST Maroc 2025 2026,,via le lien suivant,Google Drive,https://drive.google.com/file/d/12VGOl3Gfy1cvO5Ibbe3tD9sBFxqE-Zhn/view
14,Résultats et inscription Définitive EST Maroc 2025 2026,,via le lien suivant,Google Drive,https://drive.google.com/file/d/1sqQzUINmBMeK1Xx_2k94eSulng6fpkgj/view
14,Résultats et inscription Définitive EST Maroc 2025 2026,,"DUT Réseaux, Cybersécurité et IA",Google Drive,https://drive.google.com/file/d/187tkq0fsP9uOz3ZbDXeScESlp8d_dQvV/view
14,Résultats et inscription Définitive EST Maroc 2025 2026,,DUT Ingénierie des Données,Google Drive,https://drive.google.com/file/d/1cYSkybAZIJqPoimjG_uatGKl1XYc5_hg/view
14,Résultats et inscription Définitive EST Maroc 2025 2026,,DUT Management et Gestion des Entreprises,Google Drive,https://drive.google.com/file/d/1qKafRGs4uANubCV6oo0v6gMQUk3MTzbp/view
14,Résultats et inscription Définitive EST Maroc 2025 2026,,DUT Génie de Production Végétale et Animale,Google Drive,https://drive.google.com/file/d/1pKFKpggoyje-889zE3cn6hWTFZJeGNmJ/view
14,Résultats et inscription Définitive EST Maroc 2025 2026,,DUT Génie Agroalimentaire,Google Drive,https://drive.google.com/file/d/1xLJwAyKehxIl5ppcD0Brx90aKxOpnHym/view
14,Résultats et inscription Définitive EST Maroc 2025 2026,,"DUT Réseaux, Cybersécurité et IA",Google Drive,https://drive.google.com/file/d/1ioNmcFFnooFMCNRM_hEz3seS6cP3Qou4/view
14,Résultats et inscription Définitive EST Maroc 2025 2026,,DUT Ingénierie des Données,Google Drive,https://drive.google.com/file/d/13leLa2zFAWa3Ar5ar_AXFt2uCBbXXCuW/view
14,Résultats et inscription Définitive EST Maroc 2025 2026,,DUT Management et Gestion des Entreprises,Google Drive,https://drive.google.com/file/d/1o5lkmFitAdt6CYrpGdZH3acGdxBIL4K3/view
14,Résultats et inscription Définitive EST Maroc 2025 2026,,DUT Génie de Production Végétale et Animale,Google Drive,https://drive.google.com/file/d/1lw_itJs1Z3kuLKeSgoFhaszhbLqzeHw2/view
14,Résultats et inscription Définitive EST Maroc 2025 2026,,DUT Génie Agroalimentaire,Google Drive,https://drive.google.com/file/d/18xGKwar222lhbKFLEmCMq7oo0U8WZOhO/view
14,Résultats et inscription Définitive EST Maroc 2025 2026,,"DUT Réseaux, Cybersécurité et IA",Google Drive,https://drive.google.com/file/d/1kmXAfgAT7CnyfY2E2LewRrVxi4nvTsy0/view
14,Résultats et inscription Définitive EST Maroc 2025 2026,,DUT Ingénierie des Données,Google Drive,https://drive.google.com/file/d/1ps9kMWvX8WUUaFazEf0Q8KGFBQZjaK-g/view
14,Résultats et inscription Définitive EST Maroc 2025 2026,,DUT Management et Gestion des Entreprises,Google Drive,https://drive.google.com/file/d/1p2TdA1Zcn3LxQHxWspJwi3TCldKF_tTq/view
14,Résultats et inscription Définitive EST Maroc 2025 2026,,DUT Génie de l’Environnement,Google Drive,https://drive.google.com/file/d/1GE1A2sAvnzMDvbFuP4xFjAgjFRjzITSB/view
14,Résultats et inscription Définitive EST Maroc 2025 2026,,DUT Génie de Production Végétale et Animale,Google Drive,https://drive.google.com/file/d/1Mo0Yo5XC2uStaMLDRMeRb_4UA4OCWIHs/view
14,Résultats et inscription Définitive EST Maroc 2025 2026,,DUT Génie Agroalimentaire,Google Drive,https://drive.google.com/file/d/1ZkMmO9OWluezsqMJWi6zIc5G1mG_fQj7/view
14,Résultats et inscription Définitive EST Maroc 2025 2026,,Télécharger,PDF,http://estfbs.usms.ac.ma/wp-content/uploads/2021/03/Reglement-Interieur-EST-FBS.pdf
14,Résultats et inscription Définitive EST Maroc 2025 2026,,Génie Civil,PDF,http://estfbs.usms.ac.ma/wp-content/uploads/2025/09/Liste-dattente-3-GC-2025-2026.pdf
14,Résultats et inscription Définitive EST Maroc 2025 2026,,Génie Biologique et Amélioration de la Production Animale,PDF,http://estfbs.usms.ac.ma/wp-content/uploads/2025/09/Liste-dattente-N%C2%B03-GB-25-26.pdf
14,Résultats et inscription Définitive EST Maroc 2025 2026,,Agrochimie,PDF,http://estfbs.usms.ac.ma/wp-content/uploads/2025/09/Liste-dattente-N%C2%B03-AC-25-26.pdf
14,Résultats et inscription Définitive EST Maroc 2025 2026,,Industries Agroalimentaires,PDF,http://estfbs.usms.ac.ma/wp-content/uploads/2025/09/Liste-dattente-N%C2%B03-IA-25-26.pdf
14,Résultats et inscription Définitive EST Maroc 2025 2026,,Génie Civil,PDF,http://estfbs.usms.ac.ma/wp-content/uploads/2025/09/Liste-dattente-2-GC.pdf
14,Résultats et inscription Définitive EST Maroc 2025 2026,,Génie Biologique et Amélioration de la Production Animale,PDF,http://estfbs.usms.ac.ma/wp-content/uploads/2025/09/Liste-dattente-2-GB.pdf
14,Résultats et inscription Définitive EST Maroc 2025 2026,,Génie Civil,PDF,http://estfbs.usms.ac.ma/wp-content/uploads/2025/09/Liste-dattente-1-GC-1.pdf
14,Résultats et inscription Définitive EST Maroc 2025 2026,,Géstion et Technologie de l’Eau,PDF,http://estfbs.usms.ac.ma/wp-content/uploads/2025/09/Liste-dattente-1-GTE-1.pdf
14,Résultats et inscription Définitive EST Maroc 2025 2026,,Génie Biologique et Amélioration de la Production Animale,PDF,http://estfbs.usms.ac.ma/wp-content/uploads/2025/09/Liste-dattente-1-GB-1.pdf
14,Résultats et inscription Définitive EST Maroc 2025 2026,,Industries Agroalimentaires,PDF,http://estfbs.usms.ac.ma/wp-content/uploads/2025/09/Liste-dattente-1-IA.pdf
14,Résultats et inscription Définitive EST Maroc 2025 2026,,Agrochimie,PDF,http://estfbs.usms.ac.ma/wp-content/uploads/2025/09/Liste-dattente-1-AC.pdf
14,Résultats et inscription Définitive EST Maroc 2025 2026,,Chimie et Techniques d’Analyse,PDF,http://estfbs.usms.ac.ma/wp-content/uploads/2025/09/Liste-dattente-1-CTA.pdf
14,Résultats et inscription Définitive EST Maroc 2025 2026,,Génie Informatique (GI),Google Drive,https://drive.google.com/file/d/1tOlYr-n-C0EEHh7OGmQ0dgGf31mXJoEv/view?usp=drive_link
14,Résultats et inscription Définitive EST Maroc 2025 2026,,"Qualité, Hygiène et Sécurité et Environnement (QHSE)",Google Drive,https://drive.google.com/file/d/1vLZbCToyAdeEEOvQBb2PkYvfIHwCRk79/view?usp=drive_link
14,Résultats et inscription Définitive EST Maroc 2025 2026,,Génie Electrique et Systèmes Automatisés (GESA),Google Drive,https://drive.google.com/file/d/1k_nTJxqp-qaCoJosMStO1rGPe9Jjoqtd/view?usp=drive_link
14,Résultats et inscription Définitive EST Maroc 2025 2026,,Energie Durable et Hydrogène vert (EDHV),Google Drive,https://drive.google.com/file/d/1XD-miYq_yTH7kfqmIZ2C9aEW3IReoaZa/view?usp=drive_link
14,Résultats et inscription Définitive EST Maroc 2025 2026,,Instrumentation et Mesure Physico-Chimique (IMPC),Google Drive,https://drive.google.com/file/d/1VF2BEZO7GxFiKuhuPacsLkftywgiFRfl/view?usp=drive_link
14,Résultats et inscription Définitive EST Maroc 2025 2026,,DUT Agro-Industrie (AI),Google Drive,https://drive.google.com/file/d/1Yh8PhzAnglhvFykBx_4EPHIcVYB3fNQc/view?usp=sharing
14,Résultats et inscription Définitive EST Maroc 2025 2026,,DUT Métrologie Industrielle et Contrôle Qualité,Google Drive,https://drive.google.com/file/d/1MLu6zqHtVfFgWA2Srqn64MNXAqlydcoG/view?usp=sharing
14,Résultats et inscription Définitive EST Maroc 2025 2026,,DUT Génie des Procèdes (GP),Google Drive,https://drive.google.com/file/d/1agxoly_QoGwTcRxfJ1GXf6t-d0WFCgH3/view?usp=sharing
14,Résultats et inscription Définitive EST Maroc 2025 2026,,DUT Génie Industriel & Maintenance (GIM),Google Drive,https://drive.google.com/file/d/1HM_-gh_BirS-gMxBioF22ff7GNCsAnbS/view?usp=sharing
14,Résultats et inscription Définitive EST Maroc 2025 2026,,DUT Génie Mécatronique et Automobile (GMA),Google Drive,https://drive.google.com/file/d/1LArj4SIovnX2fMS7__d9AD9CRfHgDzOV/view?usp=sharing
14,Résultats et inscription Définitive EST Maroc 2025 2026,,DUT Génie Électrique – Énergies Renouvelables et,Google Drive,https://drive.google.com/file/d/1swvQYDeuwtwa_il9uqTwOc2tpK1m7tz-/view?usp=sharing
14,Résultats et inscription Définitive EST Maroc 2025 2026,,DUT Génie Informatique (GI),Google Drive,https://drive.google.com/file/d/1KP-62oD-QQEA0hqk-53pvRPgdsU5ivXB/view?usp=sharing
14,Résultats et inscription Définitive EST Maroc 2025 2026,,DUT Systèmes & Réseaux Informatique (SIR),Google Drive,https://drive.google.com/file/d/1FLoWhLgK-3R-aMZa1GpXPEBtkuAOkN5X/view?usp=sharing
14,Résultats et inscription Définitive EST Maroc 2025 2026,,DUT Ingénierie des Données & Intelligence,Google Drive,https://drive.google.com/file/d/1SM3kYPAmccJgHlDwEJqWQ09ypPyG_4QY/view?usp=sharing
14,Résultats et inscription Définitive EST Maroc 2025 2026,,DUT Management logistique & Transport (MLT),Google Drive,https://drive.google.com/file/d/15fDA8ycHh4IDFKWPLwDeByNW-ftcDSVz/view?usp=sharing
14,Résultats et inscription Définitive EST Maroc 2025 2026,,رابط استمارة المعلومات,Google Drive,https://drive.google.com/file/d/1SXSbeqX7ExYdKZ3eNMyQOyHna5Q2ixFp/view
14,Résultats et inscription Définitive EST Maroc 2025 2026,,Web Marketing (WM),PDF,http://estn.ump.ma/storage/files/1/liste%20d'attente/68d2dbce8cf36.pdf
14,Résultats et inscription Définitive EST Maroc 2025 2026,,Génie de l’Eau et de l’Environnement (GEE),PDF,http://estn.ump.ma/storage/files/1/liste%20d'attente/68d2dbf53bd60.pdf
14,Résultats et inscription Définitive EST Maroc 2025 2026,,Réseau et Télécommunication (RT),PDF,http://estn.ump.ma/storage/files/1/liste%20d'attente/68d2dc105af9b.pdf
14,Résultats et inscription Définitive EST Maroc 2025 2026,,Web Marketing (WM),PDF,http://estn.ump.ma/storage/files/1/liste%20d'attente/68d16ebe81a9a.pdf
14,Résultats et inscription Définitive EST Maroc 2025 2026,,"Finance, Banque et Transformation Digitale (FBTD)",PDF,http://estn.ump.ma/storage/files/1/liste%20d'attente/68d17085084b9.pdf
14,Résultats et inscription Définitive EST Maroc 2025 2026,,Génie de l’Eau et de l’Environnement (GEE),PDF,http://estn.ump.ma/storage/files/1/liste%20d'attente/68d16f2a957c6.pdf
14,Résultats et inscription Définitive EST Maroc 2025 2026,,Génie civil – Construction Durable (GCCD),PDF,http://estn.ump.ma/storage/files/1/liste%20d'attente/68d16f3f9d911.pdf
14,Résultats et inscription Définitive EST Maroc 2025 2026,,Génie industriel 4.0 et Techniques Avancées de la Maintenance (GITAM),PDF,http://estn.ump.ma/storage/files/1/liste%20d'attente/68d16f165e8d2.pdf
14,Résultats et inscription Définitive EST Maroc 2025 2026,,Informatique Décisionnelle et Sciences des Données (IDSD),PDF,http://estn.ump.ma/storage/files/1/liste%20d'attente/68d16f015811a.pdf
14,Résultats et inscription Définitive EST Maroc 2025 2026,,Marketing et Gestion des Projets Digitaux Innovants (MGPDI),PDF,http://estn.ump.ma/storage/files/1/liste%20d'attente/68d16f7404ee1.pdf
14,Résultats et inscription Définitive EST Maroc 2025 2026,,Ingénierie Logiciel et Cybersecurity (ILCs),PDF,http://estn.ump.ma/storage/files/1/liste%20d'attente/68d16f52085a5.pdf
14,Résultats et inscription Définitive EST Maroc 2025 2026,,Intelligence Artificielle et Ingénierie des Données (IAID),PDF,http://estn.ump.ma/storage/files/1/liste%20d'attente/68d16ecfefffb.pdf
14,Résultats et inscription Définitive EST Maroc 2025 2026,,Management Logistique et Transport (M,PDF,http://estn.ump.ma/storage/files/1/liste%20d'attente/68d16eb03de38.pdf
14,Résultats et inscription Définitive EST Maroc 2025 2026,,Développeur d’Applications Web & Mobile (D,PDF,http://estn.ump.ma/storage/files/1/liste%20d'attente/68d1a93db2eab.pdf
14,Résultats et inscription Définitive EST Maroc 2025 2026,,Réseau et Télécommunication (RT),PDF,https://estn.ump.ma/storage/files/1/liste%20d'attente/68d16f65113f1.pdf
14,Résultats et inscription Définitive EST Maroc 2025 2026,,télécharger ici,PDF,https://www.uca.ma/public/files/docs/site-167-e9eb5ccde45115aa6e99b7cf2cf0ba02-831693143.pdf
14,Résultats et inscription Définitive EST Maroc 2025 2026,,télécharger ici,Word,https://www.uca.ma/public/files/docs/site-167-30a4b1eb10876506b8ae3d5af8eb2929-1511063417.docx
14,Résultats et inscription Définitive EST Maroc 2025 2026,,télécharger ici,Word,https://www.uca.ma/public/files/docs/site-167-706c64d41aed0fb4e99f8fe1841bb056-148370851.docx
14,Résultats et inscription Définitive EST Maroc 2025 2026,,télécharger ici,Word,https://www.uca.ma/public/files/docs/site-167-c32ad6706b8e4201a7ce725c0dcd7eeb-1008638011.docx
14,Résultats et inscription Définitive EST Maroc 2025 2026,,Liste des convoqués ER 23-09-25,PDF,https://www.uca.ma/public/files/docs/site-167-f6c3847fa3ffb360a910cba5c776b365-1082367924.pdf
14,Résultats et inscription Définitive EST Maroc 2025 2026,,Liste des convoqués GE 23-09-25,PDF,https://www.uca.ma/public/files/docs/site-167-75e48b381a03b39c025720a152d8ded1-1525187238.pdf
14,Résultats et inscription Définitive EST Maroc 2025 2026,,Liste des convoqués GI 23-09-25,PDF,https://www.uca.ma/public/files/docs/site-167-23801d2ae9f5437c5f73b46d9cbae7d0-301987257.pdf
14,Résultats et inscription Définitive EST Maroc 2025 2026,,Liste des convoqués IDSD 23-09-25,PDF,https://www.uca.ma/public/files/docs/site-167-7cbebb001cd52bae31293aaf66a2815f-914498430.pdf
14,Résultats et inscription Définitive EST Maroc 2025 2026,,Liste des convoqués MT 23-09-25,PDF,https://www.uca.ma/public/files/docs/site-167-b606d93f87edd4d2fc4ade067c80579b-185612747.pdf
14,Résultats et inscription Définitive EST Maroc 2025 2026,,Liste des convoqués TM 23-09-25,PDF,https://www.uca.ma/public/files/docs/site-167-d4e1e9556aded2e22d4927954944eef5-851194388.pdf
14,Résultats et inscription Définitive EST Maroc 2025 2026,,Liste d’attente globale ER 25-26,PDF,https://www.uca.ma/public/files/docs/site-167-2316b192544d69cbe6412d6517183c57-1045780722.pdf
14,Résultats et inscription Définitive EST Maroc 2025 2026,,Liste d’attente globale GE 25-26,PDF,https://www.uca.ma/public/files/docs/site-167-206ed13183b1aaf43e55a41a88b2f5bf-1794921177.pdf
14,Résultats et inscription Définitive EST Maroc 2025 2026,,Liste d’attente globale GI 25-26,PDF,https://www.uca.ma/public/files/docs/site-167-2fc4ab370b15390294f8d88f0cebcb44-1312131539.pdf
14,Résultats et inscription Définitive EST Maroc 2025 2026,,Liste d’attente globale IDSD 25-26,PDF,https://www.uca.ma/public/files/docs/site-167-1d0d5007828b22635612e91d5fa383c9-189771038.pdf
14,Résultats et inscription Définitive EST Maroc 2025 2026,,Liste d’attente globale MT 25-26,PDF,https://www.uca.ma/public/files/docs/site-167-472f0b1b28b840cf34643ea9c1c18863-1446401331.pdf
14,Résultats et inscription Définitive EST Maroc 2025 2026,,Liste d’attente globale TM 25-26,PDF,https://www.uca.ma/public/files/docs/site-167-2d1c97d26db2f8b0a6bf0b4a7bd7bbb8-1332597293.pdf
14,Résultats et inscription Définitive EST Maroc 2025 2026,,Règlement intérieur légalisé.,PDF,https://www.tawjihnet.net/actualites/wp-content/uploads/2025/09/Tawjihnet-EST-Sale-Reglement_Interieur.pdf
14,Résultats et inscription Définitive EST Maroc 2025 2026,,Télécharger,PDF,https://www.tawjihnet.net/actualites/wp-content/uploads/2025/09/Tawjihnet-net-EST-Casa-Reglement-interieur-DUT.pdf
14,Résultats et inscription Définitive EST Maroc 2025 2026,,le lien suivant,Google Docs,https://docs.google.com/forms/d/e/1FAIpQLSfEkJJ2mUZ5QqrkvN-sYSN42rIc1VdGN7MrAvOOTOPW1IAVnA/viewform
14,Résultats et inscription Définitive EST Maroc 2025 2026,,Télécharger,PDF,https://www.tawjihnet.net/actualites/wp-content/uploads/2025/09/Tawjihnet-net-EST-Casa-Regles_de_vie_Internat_ESTC_version_PDF.pdf
16,Résultats DUT Assistants dentaires Rabat FMD 2025 2026,,DUT FMD Rabat,PDF,https://fmd.um5.ac.ma/sites/fmd.um5.ac.ma/files/resultats_dut_assistants.pdf
17,Présélection Licence S1 UM5 FSJES Agdal Souissi FSE 2025 2026,,LEADERSHIP AND BUSINESS ADMINISTRATION,PDF,https://fsjes-souissi.um5.ac.ma/sites/default/files/Liste%20R%C3%A9sultats%20Finaux%20LLBA%20S1%202025-2026%20VF.pdf
17,Présélection Licence S1 UM5 FSJES Agdal Souissi FSE 2025 2026,,>>LEADERSHIP AND BUSINESS ADMINISTRATION,PDF,https://fsjes-souissi.um5.ac.ma/sites/default/files/Liste%20preselection%20LLBA%20%D8%A7%D9%84%D8%B1%D9%8A%D8%A7%D8%AF%D8%A9%202025%20VF.pdf
17,Présélection Licence S1 UM5 FSJES Agdal Souissi FSE 2025 2026,,>>BUSINESS ADMINISTRATION,PDF,https://fsjes-souissi.um5.ac.ma/sites/default/files/LICENCE%20BUSINESS%20ADMINISTRATION%20BAC%20TN%20Liste%20affichage%20admis%20%C3%A0%20ETAPE%201.pdf
17,Présélection Licence S1 UM5 FSJES Agdal Souissi FSE 2025 2026,,Enseignement Formation Et Accompagnement Pédagogique (Semestre 1),PDF,https://fse.um5.ac.ma/sites/default/files/Licence_EFAP_S1_TS_Oral_25-26_0.pdf
17,Présélection Licence S1 UM5 FSJES Agdal Souissi FSE 2025 2026,,Management Et Ingénierie En Éducation Et Formation (Semestre 1),PDF,https://fse.um5.ac.ma/sites/default/files/Licence_MIEF_S1_TS_Oral_25-26_0.pdf
17,Présélection Licence S1 UM5 FSJES Agdal Souissi FSE 2025 2026,,Enseignement Formation Et Accompagnement Pédagogique && Management Et Ingénierie En Éducation Et Formation (Semestre 1),PDF,https://fse.um5.ac.ma/sites/default/files/Licence_EFAP_MIEF_S1_TA_Oral_25-26.pdf
19,Résultats définitifs 2eme Session S1 IMS Sport Kenitra 2025 2026,,Download,PDF,https://ims.uit.ac.ma/wp-content/uploads/2024/09/reglement-inter-vf.pdf
21,inscription Concours National CNAEM ENCG 2026,,CNAEM 2026,Google Drive,https://drive.google.com/file/d/10boPxnrtYwxAHHZuM6Z6-tWki29TCMdE/view?usp=drive_link
22,Résultats Définitifs CRMEF 19000 Profs 2025,,تحميل,PDF,https://www.men.gov.ma/docs/lstAT050226.pdf
22,Résultats Définitifs CRMEF 19000 Profs 2025,,نتائج المشاركة في التباري حول تغيير مقرات التكوين,PDF,https://www.men.gov.ma/docs/RMvtCFCRMEF-S25.pdf
23,Présélection Agrégation Maroc France session 2026,,تحميل,PDF,https://www.men.gov.ma/docs/lst-Agreg-Math-S2026.pdf
23,Présélection Agrégation Maroc France session 2026,,تحميل,PDF,https://www.men.gov.ma/docs/lst-Agreg-SII-IE-S2026.pdf
23,Présélection Agrégation Maroc France session 2026,,تحميل,PDF,https://www.men.gov.ma/docs/lst-Agreg-SII-IM-S2026.pdf
23,Présélection Agrégation Maroc France session 2026,,تحميل,PDF,https://www.men.gov.ma/docs/lst-Agreg-SPp-IE-S2026.pdf
23,Présélection Agrégation Maroc France session 2026,,تحميل,PDF,https://www.men.gov.ma/docs/lst-Agreg-SInfo-S2026.pdf
23,Présélection Agrégation Maroc France session 2026,,تحميل,PDF,https://www.men.gov.ma/docs/lst-Agreg-SC-S2026.pdf
25,Concours IRAT Rabat 200 Postes 2026 2028,,نموذج شهادة طبية لإثبات الطول,PDF,https://concours.interieur.gov.ma/Statut/Modele_Certificat_Medical.pdf
26,Résultats Ecrit Listes oral CRMEF 19000 Profs 2025,,تحميل خريطة التكوين الابتدائي,Google Drive,https://drive.google.com/file/d/1DS4aIfds9XRRtWHjV3opgUzHuGzvsYXf/view?usp=drive_link
26,Résultats Ecrit Listes oral CRMEF 19000 Profs 2025,,تحميل خريطة التكوين الاعدادي,Google Drive,https://drive.google.com/file/d/1aFo6ynN0kiqZIBsZtzq-WQc_2QqYEWAC/view?usp=drive_link
26,Résultats Ecrit Listes oral CRMEF 19000 Profs 2025,,تحميل خريطة التكوين التأهيلي,Google Drive,https://drive.google.com/file/d/103KjhYhhshKh0lnQvrBQFECYze7sJvB6/view?usp=drive_link
26,Résultats Ecrit Listes oral CRMEF 19000 Profs 2025,,تحميل خريطة التكوين الرياضيات والفرنسية ( إعدادي + تأهيلي),Google Drive,https://drive.google.com/file/d/1pMKcp3y1gVUeQPyX9z0V80SFGzZANvfJ/view?usp=drive_link
28,Présélection Wolouj CRMEF 19000 Postes 2025,,رفقته نموذج,PDF,https://www.tawjihnet.net/actualites/wp-content/uploads/2025/11/tawjihnet-طعن-2025.pdf
29,Concours Agrégation Maroc France session 2026,,تحميل,PDF,https://www.men.gov.ma/docs/N1012503112025.pdf
29,Concours Agrégation Maroc France session 2026,,تحميل,PDF,https://www.men.gov.ma/docs/N1022503112025.pdf
29,Concours Agrégation Maroc France session 2026,,تحميل,PDF,https://www.men.gov.ma/docs/N1032503112025.pdf
29,Concours Agrégation Maroc France session 2026,,تحميل,PDF,https://www.men.gov.ma/docs/N1042503112025.pdf
31,Résultats Ecrit et Listes Oral Agrégation 2025 2026,,تحميل,PDF,https://www.men.gov.ma/docs/Agreg-CHIMIE241025.pdf
31,Résultats Ecrit et Listes Oral Agrégation 2025 2026,,تحميل,PDF,https://www.men.gov.ma/docs/Agreg-PHYS241025.pdf
31,Résultats Ecrit et Listes Oral Agrégation 2025 2026,,تحميل,PDF,https://www.men.gov.ma/docs/Agreg-Maths241025.pdf
31,Résultats Ecrit et Listes Oral Agrégation 2025 2026,,تحميل,PDF,https://www.men.gov.ma/docs/Agreg-Info241025.pdf
31,Résultats Ecrit et Listes Oral Agrégation 2025 2026,,تحميل,PDF,https://www.men.gov.ma/docs/Agreg-GM241025.pdf
31,Résultats Ecrit et Listes Oral Agrégation 2025 2026,,تحميل,PDF,https://www.men.gov.ma/docs/Agreg-GE241025.pdf
31,Résultats Ecrit et Listes Oral Agrégation 2025 2026,,تحميل,PDF,https://www.men.gov.ma/docs/Agreg-Gestion271025.pdf
31,Résultats Ecrit et Listes Oral Agrégation 2025 2026,,تحميل,PDF,https://www.men.gov.ma/docs/Agreg-FR241025.pdf
31,Résultats Ecrit et Listes Oral Agrégation 2025 2026,,تحميل,PDF,https://www.men.gov.ma/docs/Agre-Eco241025.pdf
32,Affectation Résultats Définitifs Agrégation 2025 2026,,تحميل,PDF,https://www.men.gov.ma/docs/Affect_agrege2025.pdf
32,Affectation Résultats Définitifs Agrégation 2025 2026,,تحميل,PDF,https://www.men.gov.ma/docs/Affect_ProfNR_QualifG22025.pdf
32,Affectation Résultats Définitifs Agrégation 2025 2026,,تحميل,PDF,https://www.men.gov.ma/docs/Affect_ExProf2025.pdf
32,Affectation Résultats Définitifs Agrégation 2025 2026,,تحميل,PDF,https://www.men.gov.ma/docs/Affect_NR1A2025.pdf
36,Présélection Ecrit Concours préparation Agrégation 2025,,تحميل,PDF,https://www.men.gov.ma/docs/AG-DOD170925.pdf
36,Présélection Ecrit Concours préparation Agrégation 2025,,تحميل,PDF,https://www.men.gov.ma/docs/AG-CS170925.pdf
36,Présélection Ecrit Concours préparation Agrégation 2025,,تحميل,PDF,https://www.men.gov.ma/docs/AG-RSK170925.pdf
36,Présélection Ecrit Concours préparation Agrégation 2025,,تحميل,PDF,https://www.men.gov.ma/docs/AG-OR170925.pdf
36,Présélection Ecrit Concours préparation Agrégation 2025,,تحميل,PDF,https://www.men.gov.ma/docs/AG-LSH170925.pdf
36,Présélection Ecrit Concours préparation Agrégation 2025,,تحميل,PDF,https://www.men.gov.ma/docs/AG-BK170925.pdf
36,Présélection Ecrit Concours préparation Agrégation 2025,,تحميل,PDF,https://www.men.gov.ma/docs/AG-DT170925.pdf
36,Présélection Ecrit Concours préparation Agrégation 2025,,تحميل,PDF,https://www.men.gov.ma/docs/AG-SM170925.pdf
36,Présélection Ecrit Concours préparation Agrégation 2025,,تحميل,PDF,https://www.men.gov.ma/docs/AG-TTH170925.pdf
36,Présélection Ecrit Concours préparation Agrégation 2025,,تحميل,PDF,https://www.men.gov.ma/docs/AG-GON170925.pdf
36,Présélection Ecrit Concours préparation Agrégation 2025,,تحميل,PDF,https://www.men.gov.ma/docs/AG2025MSCHIMIE.pdf
36,Présélection Ecrit Concours préparation Agrégation 2025,,تحميل,PDF,https://www.men.gov.ma/docs/AG-MS170925.pdf
36,Présélection Ecrit Concours préparation Agrégation 2025,,تحميل,PDF,https://www.men.gov.ma/docs/AG-FM170925.pdf
38,Résultats Ecrit listes Oral IFPS Sante 2025 2026,,Télécharger : planning Oral IFPS,PDF,https://www.tawjihnet.net/actualites/wp-content/uploads/2026/02/Tawjihnet-planning-IFPS-oralifps-2026.pdf
38,Résultats Ecrit listes Oral IFPS Sante 2025 2026,,Agadir,PDF,https://drh.sante.gov.ma/Documents/2026/IFPS26/RESULTAT26/ifpsecrit%20agadir.pdf
38,Résultats Ecrit listes Oral IFPS Sante 2025 2026,,Casablanca,PDF,https://drh.sante.gov.ma/Documents/2026/IFPS26/RESULTAT26/ifpsecrit%20casa.pdf
38,Résultats Ecrit listes Oral IFPS Sante 2025 2026,,Fes,PDF,https://drh.sante.gov.ma/Documents/2026/IFPS26/RESULTAT26/ifpsecrit%20fes.pdf
38,Résultats Ecrit listes Oral IFPS Sante 2025 2026,,Laayoune,PDF,https://drh.sante.gov.ma/Documents/2026/IFPS26/RESULTAT26/ifpsecrit%20laayoune.pdf
38,Résultats Ecrit listes Oral IFPS Sante 2025 2026,,Marrakech,PDF,https://drh.sante.gov.ma/Documents/2026/IFPS26/RESULTAT26/ifpsecrit%20marrakech.pdf
38,Résultats Ecrit listes Oral IFPS Sante 2025 2026,,Oujda,PDF,https://drh.sante.gov.ma/Documents/2026/IFPS26/RESULTAT26/ifpsecrit%20oujda.pdf
38,Résultats Ecrit listes Oral IFPS Sante 2025 2026,,Tanger,PDF,https://drh.sante.gov.ma/Documents/2026/IFPS26/RESULTAT26/ifpsecrit%20tangr.pdf
38,Résultats Ecrit listes Oral IFPS Sante 2025 2026,,Rabat,PDF,https://drh.sante.gov.ma/Documents/2026/IFPS26/RESULTAT26/ifpsecrit%20rabat.pdf
40,Résultats Présélection IFPS Sante 2025 2026,,Agadir IFPS _2026,PDF,https://drh.sante.gov.ma/Documents/2026/IFPS26/DIF/Agadir%20_IFPS%20_2026.pdf
40,Résultats Présélection IFPS Sante 2025 2026,,Agadir _IFPS _2026,PDF,https://drh.sante.gov.ma/Documents/2026/IFPS26/Agadir%20_IFPS%20_2026.pdf
40,Résultats Présélection IFPS Sante 2025 2026,,Casablanca _IFPS _2026,PDF,https://drh.sante.gov.ma/Documents/2026/IFPS26/Casablanca%20_IFPS%20_2026.pdf
40,Résultats Présélection IFPS Sante 2025 2026,,Fes _IFPS _2026,PDF,https://drh.sante.gov.ma/Documents/2026/IFPS26/Fes%20_IFPS%20_2026.pdf
40,Résultats Présélection IFPS Sante 2025 2026,,Laayoune _IFPS _2026,PDF,https://drh.sante.gov.ma/Documents/2026/IFPS26/Laayoune%20_IFPS%20_2026.pdf
40,Résultats Présélection IFPS Sante 2025 2026,,Marrakech_IFPS _2026,PDF,https://drh.sante.gov.ma/Documents/2026/IFPS26/Marrakech_IFPS%20_2026.pdf
40,Résultats Présélection IFPS Sante 2025 2026,,Oujda _IFPS _2026,PDF,https://drh.sante.gov.ma/Documents/2026/IFPS26/Oujda%20_IFPS%20_2026.pdf
40,Résultats Présélection IFPS Sante 2025 2026,,Rabat _IFPS _2026,PDF,https://drh.sante.gov.ma/Documents/2026/IFPS26/Rabat%20_IFPS%20_2026.pdf
40,Résultats Présélection IFPS Sante 2025 2026,,Tanger _IFPS _2026,PDF,https://drh.sante.gov.ma/Documents/2026/IFPS26/Tanger%20_IFPS%20_2026.pdf
42,Guide Dalil Tawjihnet Maroc 3 Collège 2026,,Dalil 3 collège 2026,PDF,https://www.tawjihnet.net/actualites/wp-content/uploads/2025/10/Dalil-3college-tawjihnet-2026.pdf
43,Guide Dalil Tawjihnet Tron commun et 1 Bac 2026,,Dalil Tc et 1Bac 2026,PDF,https://www.tawjihnet.net/actualites/wp-content/uploads/2025/10/Dalil-Tc-1Bac-tawjihnet-2026.pdf
44,Présélection IFMBP Casa Métiers Boulangerie pâtisserie 2025 2026,,>>Techniciens Spécialisés 2025,Google Drive,https://drive.google.com/file/d/1zy1gLPmdLdbNmuRzbFZhGUPF7BNbbnvV/view?usp=drive_link
44,Présélection IFMBP Casa Métiers Boulangerie pâtisserie 2025 2026,,>>Techniciens 2025,Google Drive,https://drive.google.com/file/d/17cO6l6xclbV6iU-bY_1YMk_VkDegUoja/view?usp=drive_link
47,Présélection et Résultats AAT Casablanca Calligraphie 2025,,Liste des candidats,PDF,https://www.aat.ac.ma/sites/default/files/candidats_preselectionnees_-_concours_aat_2025-formation_calligraphie.pdf
53,Présélection ITPM Pêches Techniciens 2025 2026,,Listes convoquées,Google Drive,https://drive.google.com/file/d/1grNtKL0LTJh2lKCrQ0rPta5WZpeMBVKa/view?usp=drive_link
53,Présélection ITPM Pêches Techniciens 2025 2026,,تحميل لوائح المرشحين المدعوين,Google Drive,https://drive.google.com/file/d/1a_40P4BN_990raGA4lTt14xot7_8dhZP/view?usp=drive_link
53,Présélection ITPM Pêches Techniciens 2025 2026,,listes convoquées,Google Drive,https://drive.google.com/file/d/161AAAD09pGH6nR80CkOIOszUU3pm-K4z/view?usp=drive_link
53,Présélection ITPM Pêches Techniciens 2025 2026,,listes convoquées,Google Drive,https://drive.google.com/file/d/1eg2QhEV-bjLUOcICumRd0wSUDge684D1/view?usp=drive_link
56,Résultats IFTL Nouaceur Métiers Transport Logistique 2025,,IFTL Nouaceur,PDF,https://iftl.ma/wp-content/uploads/2025/07/Liste-ADMIS-1ere-session-juillet-2025.pdf
